190108|NASDAQ-100 STOCK INDEX (MINI) - CHICAGO MERCANTILE EXCHANGE|142837|119632
190115|NASDAQ-100 STOCK INDEX (MINI) - CHICAGO MERCANTILE EXCHANGE|148053|113730
190122|NASDAQ-100 STOCK INDEX (MINI) - CHICAGO MERCANTILE EXCHANGE|144199|119770
190129|NASDAQ-100 STOCK INDEX (MINI) - CHICAGO MERCANTILE EXCHANGE|153680|119334
190205|NASDAQ-100 STOCK INDEX (MINI) - CHICAGO MERCANTILE EXCHANGE|148661|107263
190212|NASDAQ-100 STOCK INDEX (MINI) - CHICAGO MERCANTILE EXCHANGE|149905|107166
190219|NASDAQ-100 STOCK INDEX (MINI) - CHICAGO MERCANTILE EXCHANGE|152506|111287
190226|NASDAQ-100 STOCK INDEX (MINI) - CHICAGO MERCANTILE EXCHANGE|147436|112603
190305|NASDAQ-100 STOCK INDEX (MINI) - CHICAGO MERCANTILE EXCHANGE|153706|115487
190312|NASDAQ-100 STOCK INDEX (MINI) - CHICAGO MERCANTILE EXCHANGE|162333|131793
190319|NASDAQ-100 STOCK INDEX (MINI) - CHICAGO MERCANTILE EXCHANGE|105983|98384
190326|NASDAQ-100 STOCK INDEX (MINI) - CHICAGO MERCANTILE EXCHANGE|99776|98756
190402|NASDAQ-100 STOCK INDEX (MINI) - CHICAGO MERCANTILE EXCHANGE|102341|102082
190409|NASDAQ-100 STOCK INDEX (MINI) - CHICAGO MERCANTILE EXCHANGE|104165|103493
190416|NASDAQ-100 STOCK INDEX (MINI) - CHICAGO MERCANTILE EXCHANGE|112103|93299
190423|NASDAQ-100 STOCK INDEX (MINI) - CHICAGO MERCANTILE EXCHANGE|117544|102220
190430|NASDAQ-100 STOCK INDEX (MINI) - CHICAGO MERCANTILE EXCHANGE|118019|108452
190507|NASDAQ-100 STOCK INDEX (MINI) - CHICAGO MERCANTILE EXCHANGE|115033|101731
190514|NASDAQ-100 STOCK INDEX (MINI) - CHICAGO MERCANTILE EXCHANGE|117392|121103
190521|NASDAQ-100 STOCK INDEX (MINI) - CHICAGO MERCANTILE EXCHANGE|114982|121384
190528|NASDAQ-100 STOCK INDEX (MINI) - CHICAGO MERCANTILE EXCHANGE|115926|130328
190604|NASDAQ-100 STOCK INDEX (MINI) - CHICAGO MERCANTILE EXCHANGE|126490|125631
190611|NASDAQ-100 STOCK INDEX (MINI) - CHICAGO MERCANTILE EXCHANGE|114635|119516
190618|NASDAQ-100 STOCK INDEX (MINI) - CHICAGO MERCANTILE EXCHANGE|131856|152383
190625|NASDAQ-100 STOCK INDEX (MINI) - CHICAGO MERCANTILE EXCHANGE|106281|124944
190702|NASDAQ-100 STOCK INDEX (MINI) - CHICAGO MERCANTILE EXCHANGE|105721|125277
190709|NASDAQ-100 STOCK INDEX (MINI) - CHICAGO MERCANTILE EXCHANGE|111433|123083
190716|NASDAQ-100 STOCK INDEX (MINI) - CHICAGO MERCANTILE EXCHANGE|104557|125540
190723|NASDAQ-100 STOCK INDEX (MINI) - CHICAGO MERCANTILE EXCHANGE|115467|134803
190730|NASDAQ-100 STOCK INDEX (MINI) - CHICAGO MERCANTILE EXCHANGE|116017|134806
190806|NASDAQ-100 STOCK INDEX (MINI) - CHICAGO MERCANTILE EXCHANGE|85400|113598
190813|NASDAQ-100 STOCK INDEX (MINI) - CHICAGO MERCANTILE EXCHANGE|84587|99811
190820|NASDAQ-100 STOCK INDEX (MINI) - CHICAGO MERCANTILE EXCHANGE|84954|98017
190827|NASDAQ-100 STOCK INDEX (MINI) - CHICAGO MERCANTILE EXCHANGE|92438|102577
190903|NASDAQ-100 STOCK INDEX (MINI) - CHICAGO MERCANTILE EXCHANGE|89733|105837
190910|NASDAQ-100 STOCK INDEX (MINI) - CHICAGO MERCANTILE EXCHANGE|92648|116037
190917|NASDAQ-100 STOCK INDEX (MINI) - CHICAGO MERCANTILE EXCHANGE|119916|146188
190924|NASDAQ-100 STOCK INDEX (MINI) - CHICAGO MERCANTILE EXCHANGE|99153|106174
191001|NASDAQ-100 STOCK INDEX (MINI) - CHICAGO MERCANTILE EXCHANGE|96645|115011
191008|NASDAQ-100 STOCK INDEX (MINI) - CHICAGO MERCANTILE EXCHANGE|101923|112645
191015|NASDAQ-100 STOCK INDEX (MINI) - CHICAGO MERCANTILE EXCHANGE|97711|117511
191022|NASDAQ-100 STOCK INDEX (MINI) - CHICAGO MERCANTILE EXCHANGE|98135|123308
191029|NASDAQ-100 STOCK INDEX (MINI) - CHICAGO MERCANTILE EXCHANGE|98614|130243
191105|NASDAQ-100 STOCK INDEX (MINI) - CHICAGO MERCANTILE EXCHANGE|98632|127503
191112|NASDAQ-100 STOCK INDEX (MINI) - CHICAGO MERCANTILE EXCHANGE|100725|128536
191119|NASDAQ-100 STOCK INDEX (MINI) - CHICAGO MERCANTILE EXCHANGE|103004|125241
191126|NASDAQ-100 STOCK INDEX (MINI) - CHICAGO MERCANTILE EXCHANGE|94546|116718
191203|NASDAQ-100 STOCK INDEX (MINI) - CHICAGO MERCANTILE EXCHANGE|99669|112930
191210|NASDAQ-100 STOCK INDEX (MINI) - CHICAGO MERCANTILE EXCHANGE|102886|106060
191217|NASDAQ-100 STOCK INDEX (MINI) - CHICAGO MERCANTILE EXCHANGE|159734|159208
191224|NASDAQ-100 STOCK INDEX (MINI) - CHICAGO MERCANTILE EXCHANGE|104680|115004
191231|NASDAQ-100 STOCK INDEX (MINI) - CHICAGO MERCANTILE EXCHANGE|99846|126140
200107|NASDAQ-100 STOCK INDEX (MINI) - CHICAGO MERCANTILE EXCHANGE|100419|112771
200114|NASDAQ-100 STOCK INDEX (MINI) - CHICAGO MERCANTILE EXCHANGE|101307|115921
200121|NASDAQ-100 STOCK INDEX (MINI) - CHICAGO MERCANTILE EXCHANGE|104748|108111
200128|NASDAQ-100 STOCK INDEX (MINI) - CHICAGO MERCANTILE EXCHANGE|91981|109356
200204|NASDAQ-100 STOCK INDEX (MINI) - CHICAGO MERCANTILE EXCHANGE|92307|103391
200211|NASDAQ-100 STOCK INDEX (MINI) - CHICAGO MERCANTILE EXCHANGE|91758|97152
200218|NASDAQ-100 STOCK INDEX (MINI) - CHICAGO MERCANTILE EXCHANGE|87030|101342
200225|NASDAQ-100 STOCK INDEX (MINI) - CHICAGO MERCANTILE EXCHANGE|76623|119697
200303|NASDAQ-100 STOCK INDEX (MINI) - CHICAGO MERCANTILE EXCHANGE|96410|130089
200310|NASDAQ-100 STOCK INDEX (MINI) - CHICAGO MERCANTILE EXCHANGE|101776|124138
200317|NASDAQ-100 STOCK INDEX (MINI) - CHICAGO MERCANTILE EXCHANGE|143035|167394
200324|NASDAQ-100 STOCK INDEX (MINI) - CHICAGO MERCANTILE EXCHANGE|99146|124747
200331|NASDAQ-100 STOCK INDEX (MINI) - CHICAGO MERCANTILE EXCHANGE|93904|107731
200407|NASDAQ-100 STOCK INDEX (MINI) - CHICAGO MERCANTILE EXCHANGE|93491|99041
200414|NASDAQ-100 STOCK INDEX (MINI) - CHICAGO MERCANTILE EXCHANGE|94136|86108
200421|NASDAQ-100 STOCK INDEX (MINI) - CHICAGO MERCANTILE EXCHANGE|90485|94748
200428|NASDAQ-100 STOCK INDEX (MINI) - CHICAGO MERCANTILE EXCHANGE|91457|99596
200505|NASDAQ-100 STOCK INDEX (MINI) - CHICAGO MERCANTILE EXCHANGE|95699|105969
200512|NASDAQ-100 STOCK INDEX (MINI) - CHICAGO MERCANTILE EXCHANGE|98691|107626
200519|NASDAQ-100 STOCK INDEX (MINI) - CHICAGO MERCANTILE EXCHANGE|103341|100526
200526|NASDAQ-100 STOCK INDEX (MINI) - CHICAGO MERCANTILE EXCHANGE|103936|109050
200602|NASDAQ-100 STOCK INDEX (MINI) - CHICAGO MERCANTILE EXCHANGE|108365|117948
200609|NASDAQ-100 STOCK INDEX (MINI) - CHICAGO MERCANTILE EXCHANGE|112958|116594
200616|NASDAQ-100 STOCK INDEX (MINI) - CHICAGO MERCANTILE EXCHANGE|114726|141942
200623|NASDAQ-100 STOCK INDEX (MINI) - CHICAGO MERCANTILE EXCHANGE|76507|115293
200630|NASDAQ-100 STOCK INDEX (MINI) - CHICAGO MERCANTILE EXCHANGE|82457|125477
200707|NASDAQ-100 STOCK INDEX (MINI) - CHICAGO MERCANTILE EXCHANGE|94961|137971
200714|NASDAQ-100 STOCK INDEX (MINI) - CHICAGO MERCANTILE EXCHANGE|106974|139640
200721|NASDAQ-100 STOCK INDEX (MINI) - CHICAGO MERCANTILE EXCHANGE|116861|134616
200728|NASDAQ-100 STOCK INDEX (MINI) - CHICAGO MERCANTILE EXCHANGE|108094|137349
200804|NASDAQ-100 STOCK INDEX (MINI) - CHICAGO MERCANTILE EXCHANGE|113752|135696
200811|NASDAQ-100 STOCK INDEX (MINI) - CHICAGO MERCANTILE EXCHANGE|121116|137545
200818|NASDAQ-100 STOCK INDEX (MINI) - CHICAGO MERCANTILE EXCHANGE|107832|135221
200825|NASDAQ-100 STOCK INDEX (MINI) - CHICAGO MERCANTILE EXCHANGE|108913|135552
200901|NASDAQ-100 STOCK INDEX (MINI) - CHICAGO MERCANTILE EXCHANGE|115922|131246
200908|NASDAQ-100 STOCK INDEX (MINI) - CHICAGO MERCANTILE EXCHANGE|117647|121682
200915|NASDAQ-100 STOCK INDEX (MINI) - CHICAGO MERCANTILE EXCHANGE|201458|145576
200922|NASDAQ-100 STOCK INDEX (MINI) - CHICAGO MERCANTILE EXCHANGE|196172|76780
200929|NASDAQ-100 STOCK INDEX (MINI) - CHICAGO MERCANTILE EXCHANGE|148270|83847
201006|NASDAQ-100 STOCK INDEX (MINI) - CHICAGO MERCANTILE EXCHANGE|153044|92919
201013|NASDAQ-100 STOCK INDEX (MINI) - CHICAGO MERCANTILE EXCHANGE|99905|132610
201020|NASDAQ-100 STOCK INDEX (MINI) - CHICAGO MERCANTILE EXCHANGE|103167|124156
201027|NASDAQ-100 STOCK INDEX (MINI) - CHICAGO MERCANTILE EXCHANGE|113041|122370
201103|NASDAQ-100 STOCK INDEX (MINI) - CHICAGO MERCANTILE EXCHANGE|108455|118816
201110|NASDAQ-100 STOCK INDEX (MINI) - CHICAGO MERCANTILE EXCHANGE|121444|118634
201117|NASDAQ-100 STOCK INDEX (MINI) - CHICAGO MERCANTILE EXCHANGE|131321|122892
201124|NASDAQ-100 STOCK INDEX (MINI) - CHICAGO MERCANTILE EXCHANGE|132639|120244
201201|NASDAQ-100 STOCK INDEX (MINI) - CHICAGO MERCANTILE EXCHANGE|131684|118114
201208|NASDAQ-100 STOCK INDEX (MINI) - CHICAGO MERCANTILE EXCHANGE|125855|143956
201215|NASDAQ-100 STOCK INDEX (MINI) - CHICAGO MERCANTILE EXCHANGE|144136|167162
201221|NASDAQ-100 STOCK INDEX (MINI) - CHICAGO MERCANTILE EXCHANGE|107824|138876
201229|NASDAQ-100 STOCK INDEX (MINI) - CHICAGO MERCANTILE EXCHANGE|109147|131917
210105|NASDAQ-100 STOCK INDEX (MINI) - CHICAGO MERCANTILE EXCHANGE|111311|139374
210112|NASDAQ-100 STOCK INDEX (MINI) - CHICAGO MERCANTILE EXCHANGE|116861|136900
210119|NASDAQ-100 STOCK INDEX (MINI) - CHICAGO MERCANTILE EXCHANGE|114201|140904
210126|NASDAQ-100 STOCK INDEX (MINI) - CHICAGO MERCANTILE EXCHANGE|106202|141150
210202|NASDAQ-100 STOCK INDEX (MINI) - CHICAGO MERCANTILE EXCHANGE|105860|137458
210209|NASDAQ-100 STOCK INDEX (MINI) - CHICAGO MERCANTILE EXCHANGE|110692|137581
210216|NASDAQ-100 STOCK INDEX (MINI) - CHICAGO MERCANTILE EXCHANGE|117339|138555
210223|NASDAQ-100 STOCK INDEX (MINI) - CHICAGO MERCANTILE EXCHANGE|129279|126380
210302|NASDAQ-100 STOCK INDEX (MINI) - CHICAGO MERCANTILE EXCHANGE|145127|115331
210309|NASDAQ-100 STOCK INDEX (MINI) - CHICAGO MERCANTILE EXCHANGE|149443|125268
210316|NASDAQ-100 STOCK INDEX (MINI) - CHICAGO MERCANTILE EXCHANGE|157656|137883
210323|NASDAQ-100 STOCK INDEX (MINI) - CHICAGO MERCANTILE EXCHANGE|138012|118695
210330|NASDAQ-100 STOCK INDEX (MINI) - CHICAGO MERCANTILE EXCHANGE|138306|112990
210406|NASDAQ-100 STOCK INDEX (MINI) - CHICAGO MERCANTILE EXCHANGE|119018|106288
210413|NASDAQ-100 STOCK INDEX (MINI) - CHICAGO MERCANTILE EXCHANGE|116412|106040
210420|NASDAQ-100 STOCK INDEX (MINI) - CHICAGO MERCANTILE EXCHANGE|120484|113852
210427|NASDAQ-100 STOCK INDEX (MINI) - CHICAGO MERCANTILE EXCHANGE|124866|110721
210504|NASDAQ-100 STOCK INDEX (MINI) - CHICAGO MERCANTILE EXCHANGE|136086|111698
210511|NASDAQ-100 STOCK INDEX (MINI) - CHICAGO MERCANTILE EXCHANGE|125878|109445
210518|NASDAQ-100 STOCK INDEX (MINI) - CHICAGO MERCANTILE EXCHANGE|127237|114397
210525|NASDAQ-100 STOCK INDEX (MINI) - CHICAGO MERCANTILE EXCHANGE|139030|116712
210601|NASDAQ-100 STOCK INDEX (MINI) - CHICAGO MERCANTILE EXCHANGE|143253|119689
210608|NASDAQ-100 STOCK INDEX (MINI) - CHICAGO MERCANTILE EXCHANGE|134844|117058
210615|NASDAQ-100 STOCK INDEX (MINI) - CHICAGO MERCANTILE EXCHANGE|169189|146421
210622|NASDAQ-100 STOCK INDEX (MINI) - CHICAGO MERCANTILE EXCHANGE|127857|108361
210629|NASDAQ-100 STOCK INDEX (MINI) - CHICAGO MERCANTILE EXCHANGE|123568|102843
210706|NASDAQ-100 STOCK INDEX (MINI) - CHICAGO MERCANTILE EXCHANGE|125742|108440
210713|NASDAQ-100 STOCK INDEX (MINI) - CHICAGO MERCANTILE EXCHANGE|129286|107353
210720|NASDAQ-100 STOCK INDEX (MINI) - CHICAGO MERCANTILE EXCHANGE|123256|112987
210727|NASDAQ-100 STOCK INDEX (MINI) - CHICAGO MERCANTILE EXCHANGE|132384|113917
210803|NASDAQ-100 STOCK INDEX (MINI) - CHICAGO MERCANTILE EXCHANGE|119732|107628
210810|NASDAQ-100 STOCK INDEX (MINI) - CHICAGO MERCANTILE EXCHANGE|133533|107827
210817|NASDAQ-100 STOCK INDEX (MINI) - CHICAGO MERCANTILE EXCHANGE|138641|104192
210824|NASDAQ-100 STOCK INDEX (MINI) - CHICAGO MERCANTILE EXCHANGE|122913|104505
210831|NASDAQ-100 STOCK INDEX (MINI) - CHICAGO MERCANTILE EXCHANGE|119514|104396
210907|NASDAQ-100 STOCK INDEX (MINI) - CHICAGO MERCANTILE EXCHANGE|111177|107333
210914|NASDAQ-100 STOCK INDEX (MINI) - CHICAGO MERCANTILE EXCHANGE|140292|142839
210921|NASDAQ-100 STOCK INDEX (MINI) - CHICAGO MERCANTILE EXCHANGE|111483|120643
210928|NASDAQ-100 STOCK INDEX (MINI) - CHICAGO MERCANTILE EXCHANGE|120760|115414
211005|NASDAQ-100 STOCK INDEX (MINI) - CHICAGO MERCANTILE EXCHANGE|122150|116699
211012|NASDAQ-100 STOCK INDEX (MINI) - CHICAGO MERCANTILE EXCHANGE|127302|124426
211019|NASDAQ-100 STOCK INDEX (MINI) - CHICAGO MERCANTILE EXCHANGE|135012|124584
211026|NASDAQ-100 STOCK INDEX (MINI) - CHICAGO MERCANTILE EXCHANGE|137552|131139
211102|NASDAQ-100 STOCK INDEX (MINI) - CHICAGO MERCANTILE EXCHANGE|144589|142828
211109|NASDAQ-100 STOCK INDEX (MINI) - CHICAGO MERCANTILE EXCHANGE|140310|150355
211116|NASDAQ-100 STOCK INDEX (MINI) - CHICAGO MERCANTILE EXCHANGE|142458|152007
211123|NASDAQ-100 STOCK INDEX (MINI) - CHICAGO MERCANTILE EXCHANGE|130622|153394
211130|NASDAQ-100 STOCK INDEX (MINI) - CHICAGO MERCANTILE EXCHANGE|130523|155974
211207|NASDAQ-100 STOCK INDEX (MINI) - CHICAGO MERCANTILE EXCHANGE|124386|149271
211214|NASDAQ-100 STOCK INDEX (MINI) - CHICAGO MERCANTILE EXCHANGE|124070|158273
211221|NASDAQ-100 STOCK INDEX (MINI) - CHICAGO MERCANTILE EXCHANGE|96389|123660
211228|NASDAQ-100 STOCK INDEX (MINI) - CHICAGO MERCANTILE EXCHANGE|104127|119162
220208|NASDAQ MINI - CHICAGO MERCANTILE EXCHANGE|129116|125830
220215|NASDAQ MINI - CHICAGO MERCANTILE EXCHANGE|131642|125652
220222|NASDAQ MINI - CHICAGO MERCANTILE EXCHANGE|141754|147332
220301|NASDAQ MINI - CHICAGO MERCANTILE EXCHANGE|153427|142015
220308|NASDAQ MINI - CHICAGO MERCANTILE EXCHANGE|135614|150005
220315|NASDAQ MINI - CHICAGO MERCANTILE EXCHANGE|148020|152996
220322|NASDAQ MINI - CHICAGO MERCANTILE EXCHANGE|124261|107592
220329|NASDAQ MINI - CHICAGO MERCANTILE EXCHANGE|142374|108338
220405|NASDAQ MINI - CHICAGO MERCANTILE EXCHANGE|141185|114940
220412|NASDAQ MINI - CHICAGO MERCANTILE EXCHANGE|126523|126410
220419|NASDAQ MINI - CHICAGO MERCANTILE EXCHANGE|135761|131590
220426|NASDAQ MINI - CHICAGO MERCANTILE EXCHANGE|126187|135908
220503|NASDAQ MINI - CHICAGO MERCANTILE EXCHANGE|123791|130158
220510|NASDAQ MINI - CHICAGO MERCANTILE EXCHANGE|138897|146996
220517|NASDAQ MINI - CHICAGO MERCANTILE EXCHANGE|132518|141757
220524|NASDAQ MINI - CHICAGO MERCANTILE EXCHANGE|138800|149898
220531|NASDAQ MINI - CHICAGO MERCANTILE EXCHANGE|152616|148741
220607|NASDAQ MINI - CHICAGO MERCANTILE EXCHANGE|147710|148685
220614|NASDAQ MINI - CHICAGO MERCANTILE EXCHANGE|156353|177283
220621|NASDAQ MINI - CHICAGO MERCANTILE EXCHANGE|110913|138499
220628|NASDAQ MINI - CHICAGO MERCANTILE EXCHANGE|128769|148699
220705|NASDAQ MINI - CHICAGO MERCANTILE EXCHANGE|137186|163105
220712|NASDAQ MINI - CHICAGO MERCANTILE EXCHANGE|140774|150363
220719|NASDAQ MINI - CHICAGO MERCANTILE EXCHANGE|139088|158643
220726|NASDAQ MINI - CHICAGO MERCANTILE EXCHANGE|142520|167993
220802|NASDAQ MINI - CHICAGO MERCANTILE EXCHANGE|149773|158867
220809|NASDAQ MINI - CHICAGO MERCANTILE EXCHANGE|149705|150872
220816|NASDAQ MINI - CHICAGO MERCANTILE EXCHANGE|154315|138793
220823|NASDAQ MINI - CHICAGO MERCANTILE EXCHANGE|141083|160062
220830|NASDAQ MINI - CHICAGO MERCANTILE EXCHANGE|148385|151235
220906|NASDAQ MINI - CHICAGO MERCANTILE EXCHANGE|160216|158347
220913|NASDAQ MINI - CHICAGO MERCANTILE EXCHANGE|183440|167895
220920|NASDAQ MINI - CHICAGO MERCANTILE EXCHANGE|165619|144037
220927|NASDAQ MINI - CHICAGO MERCANTILE EXCHANGE|170352|145879
221004|NASDAQ MINI - CHICAGO MERCANTILE EXCHANGE|160883|139553
221011|NASDAQ MINI - CHICAGO MERCANTILE EXCHANGE|156295|146824
221018|NASDAQ MINI - CHICAGO MERCANTILE EXCHANGE|154824|142622
221025|NASDAQ MINI - CHICAGO MERCANTILE EXCHANGE|160822|150174
221101|NASDAQ MINI - CHICAGO MERCANTILE EXCHANGE|166941|137869
221108|NASDAQ MINI - CHICAGO MERCANTILE EXCHANGE|154420|138276
221115|NASDAQ MINI - CHICAGO MERCANTILE EXCHANGE|159326|145980
221122|NASDAQ MINI - CHICAGO MERCANTILE EXCHANGE|145163|141722
221129|NASDAQ MINI - CHICAGO MERCANTILE EXCHANGE|146374|146430
221206|NASDAQ MINI - CHICAGO MERCANTILE EXCHANGE|140334|145355
221213|NASDAQ MINI - CHICAGO MERCANTILE EXCHANGE|183306|196085
221220|NASDAQ MINI - CHICAGO MERCANTILE EXCHANGE|142712|143997
221227|NASDAQ MINI - CHICAGO MERCANTILE EXCHANGE|146596|143682
230103|NASDAQ MINI - CHICAGO MERCANTILE EXCHANGE|145713|141536
230110|NASDAQ MINI - CHICAGO MERCANTILE EXCHANGE|156031|142103
230117|NASDAQ MINI - CHICAGO MERCANTILE EXCHANGE|172926|142382
230124|NASDAQ MINI - CHICAGO MERCANTILE EXCHANGE|173611|136532
230131|NASDAQ MINI - CHICAGO MERCANTILE EXCHANGE|183098|151045
230207|NASDAQ MINI - CHICAGO MERCANTILE EXCHANGE|186780|156628
230214|NASDAQ MINI - CHICAGO MERCANTILE EXCHANGE|184266|140929
230221|NASDAQ MINI - CHICAGO MERCANTILE EXCHANGE|170386|135766
230228|NASDAQ MINI - CHICAGO MERCANTILE EXCHANGE|174322|132318
230307|NASDAQ MINI - CHICAGO MERCANTILE EXCHANGE|165107|129032
230314|NASDAQ MINI - CHICAGO MERCANTILE EXCHANGE|190881|155829
230321|NASDAQ MINI - CHICAGO MERCANTILE EXCHANGE|127004|110146
230328|NASDAQ MINI - CHICAGO MERCANTILE EXCHANGE|132371|117525
230404|NASDAQ MINI - CHICAGO MERCANTILE EXCHANGE|137754|125198
230411|NASDAQ MINI - CHICAGO MERCANTILE EXCHANGE|144976|137056
230418|NASDAQ MINI - CHICAGO MERCANTILE EXCHANGE|147191|140774
230425|NASDAQ MINI - CHICAGO MERCANTILE EXCHANGE|142707|139238
230502|NASDAQ MINI - CHICAGO MERCANTILE EXCHANGE|134889|135390
230509|NASDAQ MINI - CHICAGO MERCANTILE EXCHANGE|131705|142627
230516|NASDAQ MINI - CHICAGO MERCANTILE EXCHANGE|147263|154421
230523|NASDAQ MINI - CHICAGO MERCANTILE EXCHANGE|149830|155499
230530|NASDAQ MINI - CHICAGO MERCANTILE EXCHANGE|166251|161367
230606|NASDAQ MINI - CHICAGO MERCANTILE EXCHANGE|167268|164797
230613|NASDAQ MINI - CHICAGO MERCANTILE EXCHANGE|170769|172021
230620|NASDAQ MINI - CHICAGO MERCANTILE EXCHANGE|132040|140912
230627|NASDAQ MINI - CHICAGO MERCANTILE EXCHANGE|130233|141604
230703|NASDAQ MINI - CHICAGO MERCANTILE EXCHANGE|131223|135106
230711|NASDAQ MINI - CHICAGO MERCANTILE EXCHANGE|136668|144681
230718|NASDAQ MINI - CHICAGO MERCANTILE EXCHANGE|141970|137577
230725|NASDAQ MINI - CHICAGO MERCANTILE EXCHANGE|146469|138840
230801|NASDAQ MINI - CHICAGO MERCANTILE EXCHANGE|147933|136066
230808|NASDAQ MINI - CHICAGO MERCANTILE EXCHANGE|151969|138342
230815|NASDAQ MINI - CHICAGO MERCANTILE EXCHANGE|151549|156265
230822|NASDAQ MINI - CHICAGO MERCANTILE EXCHANGE|144368|158802
230829|NASDAQ MINI - CHICAGO MERCANTILE EXCHANGE|146319|157227
230905|NASDAQ MINI - CHICAGO MERCANTILE EXCHANGE|154346|160042
230912|NASDAQ MINI - CHICAGO MERCANTILE EXCHANGE|171570|181078
230919|NASDAQ MINI - CHICAGO MERCANTILE EXCHANGE|137158|139246
230926|NASDAQ MINI - CHICAGO MERCANTILE EXCHANGE|140156|141148
231003|NASDAQ MINI - CHICAGO MERCANTILE EXCHANGE|147544|145898
231010|NASDAQ MINI - CHICAGO MERCANTILE EXCHANGE|144850|151810
231017|NASDAQ MINI - CHICAGO MERCANTILE EXCHANGE|138184|150224
231024|NASDAQ MINI - CHICAGO MERCANTILE EXCHANGE|141589|145955
231031|NASDAQ MINI - CHICAGO MERCANTILE EXCHANGE|144956|151548
231107|NASDAQ MINI - CHICAGO MERCANTILE EXCHANGE|146006|154943
231114|NASDAQ MINI - CHICAGO MERCANTILE EXCHANGE|158039|160071
231121|NASDAQ MINI - CHICAGO MERCANTILE EXCHANGE|162755|174040
231128|NASDAQ MINI - CHICAGO MERCANTILE EXCHANGE|166329|177231
231205|NASDAQ MINI - CHICAGO MERCANTILE EXCHANGE|155418|168998
231212|NASDAQ MINI - CHICAGO MERCANTILE EXCHANGE|212001|222818
231219|NASDAQ MINI - CHICAGO MERCANTILE EXCHANGE|162660|188428
231226|NASDAQ MINI - CHICAGO MERCANTILE EXCHANGE|155494|189102
240102|NASDAQ MINI - CHICAGO MERCANTILE EXCHANGE|148310|195649
240109|NASDAQ MINI - CHICAGO MERCANTILE EXCHANGE|150591|193192
240116|NASDAQ MINI - CHICAGO MERCANTILE EXCHANGE|149969|188702
240123|NASDAQ MINI - CHICAGO MERCANTILE EXCHANGE|157605|195758
240130|NASDAQ MINI - CHICAGO MERCANTILE EXCHANGE|156086|203979
240206|NASDAQ MINI - CHICAGO MERCANTILE EXCHANGE|149499|187938
240213|NASDAQ MINI - CHICAGO MERCANTILE EXCHANGE|155161|192374
240220|NASDAQ MINI - CHICAGO MERCANTILE EXCHANGE|148596|181028
240227|NASDAQ MINI - CHICAGO MERCANTILE EXCHANGE|153361|171063
240305|NASDAQ MINI - CHICAGO MERCANTILE EXCHANGE|161131|171282
240312|NASDAQ MINI - CHICAGO MERCANTILE EXCHANGE|188656|197300
240319|NASDAQ MINI - CHICAGO MERCANTILE EXCHANGE|138897|156423
240326|NASDAQ MINI - CHICAGO MERCANTILE EXCHANGE|147517|148604
240402|NASDAQ MINI - CHICAGO MERCANTILE EXCHANGE|149038|150608
240409|NASDAQ MINI - CHICAGO MERCANTILE EXCHANGE|147110|161613
240416|NASDAQ MINI - CHICAGO MERCANTILE EXCHANGE|141080|158974
240423|NASDAQ MINI - CHICAGO MERCANTILE EXCHANGE|141714|160192
240430|NASDAQ MINI - CHICAGO MERCANTILE EXCHANGE|139475|154032
240507|NASDAQ MINI - CHICAGO MERCANTILE EXCHANGE|124251|134884
240514|NASDAQ MINI - CHICAGO MERCANTILE EXCHANGE|133543|144611
240521|NASDAQ MINI - CHICAGO MERCANTILE EXCHANGE|132144|149031
240528|NASDAQ MINI - CHICAGO MERCANTILE EXCHANGE|138387|145070
240604|NASDAQ MINI - CHICAGO MERCANTILE EXCHANGE|139142|152169
240611|NASDAQ MINI - CHICAGO MERCANTILE EXCHANGE|149687|149999
240618|NASDAQ MINI - CHICAGO MERCANTILE EXCHANGE|199630|203802
240625|NASDAQ MINI - CHICAGO MERCANTILE EXCHANGE|129886|148146
240702|NASDAQ MINI - CHICAGO MERCANTILE EXCHANGE|139255|160437
240709|NASDAQ MINI - CHICAGO MERCANTILE EXCHANGE|148257|163976
240716|NASDAQ MINI - CHICAGO MERCANTILE EXCHANGE|141026|159526
240723|NASDAQ MINI - CHICAGO MERCANTILE EXCHANGE|139877|157057
240730|NASDAQ MINI - CHICAGO MERCANTILE EXCHANGE|149180|175428
240806|NASDAQ MINI - CHICAGO MERCANTILE EXCHANGE|149544|181045
240813|NASDAQ MINI - CHICAGO MERCANTILE EXCHANGE|148524|169745
240820|NASDAQ MINI - CHICAGO MERCANTILE EXCHANGE|142783|164988
240827|NASDAQ MINI - CHICAGO MERCANTILE EXCHANGE|130557|166757
240903|NASDAQ MINI - CHICAGO MERCANTILE EXCHANGE|133799|174617
240917|NASDAQ MINI - CHICAGO MERCANTILE EXCHANGE|148042|180970
240924|NASDAQ MINI - CHICAGO MERCANTILE EXCHANGE|133114|162537
241001|NASDAQ MINI - CHICAGO MERCANTILE EXCHANGE|133138|160144
241008|NASDAQ MINI - CHICAGO MERCANTILE EXCHANGE|141994|166748
241015|NASDAQ MINI - CHICAGO MERCANTILE EXCHANGE|148315|160724
241022|NASDAQ MINI - CHICAGO MERCANTILE EXCHANGE|149502|162624
241029|NASDAQ MINI - CHICAGO MERCANTILE EXCHANGE|152916|169154
241105|NASDAQ MINI - CHICAGO MERCANTILE EXCHANGE|144580|172238
241112|NASDAQ MINI - CHICAGO MERCANTILE EXCHANGE|156585|186948
241119|NASDAQ MINI - CHICAGO MERCANTILE EXCHANGE|158513|190675
241203|NASDAQ MINI - CHICAGO MERCANTILE EXCHANGE|160837|201802
241210|NASDAQ MINI - CHICAGO MERCANTILE EXCHANGE|152035|201899
241217|NASDAQ MINI - CHICAGO MERCANTILE EXCHANGE|177346|224520
